<?xml version="1.0" encoding="UTF-8"?>
<?xml-model href="http://www.tei-c.org/release/xml/tei/custom/schema/relaxng/tei_all.rng" type="application/xml" schematypens="http://relaxng.org/ns/structure/1.0"?>
<?xml-model href="http://www.tei-c.org/release/xml/tei/custom/schema/relaxng/tei_all.rng" type="application/xml"
	schematypens="http://purl.oclc.org/dsdl/schematron"?>
<TEI xmlns="http://www.tei-c.org/ns/1.0">
   <teiHeader>
      <fileDesc>
         <titleStmt>
            <title>Title</title>
         </titleStmt>
         <publicationStmt>
            <p>Publication Information</p>
         </publicationStmt>
         <sourceDesc>
            <p>Information about the source</p>
         </sourceDesc>
      </fileDesc>
   </teiHeader>
   <text>
      <body>

         <p>APPENDIX 11</p>
         <p><title><hi rend="bold">Dugdale’s Origines Juridiciales</hi></title></p>

         <p> William Dugdale (1605–86), the famous antiquary, published <title>Origines
               Juridiciales</title> in 1666, with second and third editions in 1671 and 1680 (Wing:
            D2488–90). A century later, in 1780, excerpts were published as <title>The History and
               Antiquities of the Four Inns of Court</title>, where Chapters 1 to 22 correspond to
            Chapters 7 and 55 to 76 of the original. Dugdale’s passages concerning Inns of Court
            revels, plays, and other forms of entertainment are often cited by historians of early
            drama as if they were primary evidence; for this reason we reproduce them here (in
            alphabetical ‘Inn order’).</p>

         <p>The first two paragraphs listed under Gray’s Inn below, citing documents which have
            disappeared since Dugdale inspected them, also appear in the Records (under 1529–30 and
            1550–1 respectively). Other citations derive from entries cited in the Records, which
            for scholarly purposes should be cited in preference to Dugdale’s paraphrases. Though
            Dugdale was not a member of any Inn, some of his observations may derive from personal
            knowledge and experience. For a document description, see Document Descriptions, p
            lxxvi. </p>

         <p><hi rend="bold"> Gray’s Inn (p 285 cols 1–2)</hi>
         </p>

         <p>…</p>
         <note type="Margin" rend="left"> a Ex Registro hujus Hospicij f. 121. a.</note>
         <p>AT<note type="foot"><hi rend="italic">enlarged initial A</hi></note> a Pension held here
            in Michaelmass Term 21 H.8.<note type="foot"><hi rend="italic">1529</hi></note> there
            was an Order <hi rend="above">a</hi> made, that all the Fellows of this House, who
            should be present upon any Saturday at Supper, betwixt the Feasts of All Saints,
            &amp;amp; the Purification of our Lady; or upon any other day, at Dinner, or Supper,
            when there are Revells, should not depart out of the Hall, untill the said Revells were
            ended, upon the penalty of xii d.</p>

         <note type="Margin" rend="left"> b Ib <hi rend="italic">idem</hi> f. 190. a.</note>
         <p>In 4 Edw. 6. (17 Nov.)<note type="foot"><hi rend="italic">1550</hi></note> it was also
            ordered, <hi rend="above">b</hi> that thenceforth there should be no Comedies, called
            Interludes, in this House, out of Term times, but when the Feast of the Nativity of our
            Lord is solemnly observed. And that when there shall be any such Comedies, then all the
            Society at that time in Commons, to bear the charge of the Apparel.</p>

         <lg>
            <l>APPENDIX 11 767 </l>
         </lg>

         <note type="Margin" rend="left"> c Ib<hi rend="italic">idem</hi> f. 187. a.</note>
         <p>And in 28. Eliz. (26 Nov.)<note type="foot"><hi rend="italic">1585</hi></note> that no
               <hi rend="above">c</hi> Gentleman of this Society; nor any other by the appointment,
            choyce, or assent of any Gentleman of this House, should in time of Christmass, or any
            other time take upon him, or use the name, place, or commandment of Lord, or any such
            other like; or break open any Chamber; or disorderly molest or abuse any Fellows, or
            Officer of this House, within the precinct of the same, upon pain to be expulsed for the
            abuse or disorder against any such Fellow; and being put out of Commons for abuse of any
            Officer.</p>

         <p>In the 10th. of King James<note type="foot"><hi rend="italic">1612-13</hi></note>, the
            Gentlemen of this House were (together with those of the other Innes of Court) Actors in
            that great Mask at WhiteHall at the marriage of the King’s eldest daughter unto
            Frederick Count Palatine of the Rhene: the charge in Apparel for the Actors in which
            mask, <note type="Margin" rend="right"> d Ex alio Registro ejusdem Hosp<hi rend="italic"
                  >icij</hi> f. 298. a.</note> was supported by the Society, the Readers being each
            man assessed <hi rend="above">d</hi> at iiii l. the Ancients, and such as at that time
            were to be called Ancients, at ii l. x s. a piece: the Barristers at ii l. a man, and
            the Students at xx s. out of which so much was to be taken as the Inner Temple did then
            allow.</p>

         <note type="Margin" rend="right"> e Ib<hi rend="italic">idem</hi> f. 301. a. vide etiam f.
            302. a. &amp; 303. a.</note>
         <p>Which being performed, there was an Order <hi rend="above">e</hi> made 18 Maii<note
               type="foot"><hi rend="italic">1613</hi></note> then next following, that the
            Gentlemen who were Actors in that Mask, should bring in all their Masking Apparel, so
            provided at the charge of the House.</p>

         <note type="Margin" rend="right"> f Ib<hi rend="italic">idem</hi> f. 314. a.</note>
         <p>In 14 Jac. (17 Oct.)<note type="foot"><hi rend="italic">1616</hi></note> it was ordered,
               <hi rend="above">f</hi> that every Reader, ancient Barrister, and other Gentleman,
            that should be in the Town, between that time, and the end of Hillary Term then next
            following; or who then had any Chamber in the House, either of the House, or by Lease,
            or otherwise; should pay towards the Barryers, intended to be presented before his
            Majesty; after these rates and proportions; viz. every Reader, or Antient of the Bench
            xl s. every Ancient under the Bench xxx s. every Barrister xx s. and every other
            Gentleman xiii s. iiii d.</p>

         <note type="Margin" rend="right">g Ib<hi rend="italic">idem</hi> f. 373. a.</note>
         <p>And in 4 Car. 1. (17 Nov.)<note type="foot"><hi rend="italic">1628</hi></note> that <hi
               rend="above">g</hi> all playing at Dice, Cards, or otherwise, in the Hall, Buttry, or
            Butler’s Chamber, should be thenceforth barred, and forbidden at all times of the year,
            the xx daies in Christmass only excepted.</p>
         <p>…</p>

         <p><title>Inner Temple (p 149 col 1)</title></p>
         <p><note type="Margin" rend="left">Sports</note>…</p>

         <note type="Margin" rend="left">z Ex Registro ejusdem Hosp<hi rend="italic">icij</hi> Vol.
            2. fol. 89. a.</note>
         <p>And in Febr. 8 Jac.<note type="foot"><hi rend="italic">1610/11</hi></note> that <hi
               rend="above">z</hi> for future prevention of disorder and Scurrility, no more Plays
            should be in this House upon the Feast of All Saints, or Candlemass day: but this Order
            was repealed the 4th. of November following.</p>

         <lg>
            <l> 768 APPENDIX 11</l>
         </lg>

         <note type="Margin" rend="left">a Ib<hi rend="italic">idem</hi> f. 195. a.</note>
         <p>And for keeping good Rule in Christmass time, these following Orders <hi rend="above"
               >a</hi> were made 7 Nov. 7 Caroli primi.<note type="foot"><hi rend="italic"
               >1631</hi></note>
            <note type="foot"><hi rend="italic">section following approximates Inner Temple record
                  of 23 November 1628-9: see pp 220-1</hi></note></p>
         <p>…</p>

         <p><title><hi rend="bold"> (p 150 col 1–p 151 col 1)</hi>
            </title></p>
         <p>...</p>

         <note type="Margin" rend="left">Barryers.</note>
         <p> And now, after all this, I may not omit to take notice; that fourty of the Gentlemen of
            the four Innes of Court, whereof ten were of this Society, were appointed <hi
               rend="above">b</hi> to be Barryers at the Court, upon the 4th. day of November, in
            the 14th. year of King James<note type="foot"><hi rend="italic">1616</hi></note>, in
            honour of the Creation of Prince Charles, Prince of Wales; which they performed
            accordingly, the chardge thereof being defrayed by a contribution of xxx s. from each
            Bencher; every Barister of seaven years standing xv s. and all other Gentlemen in
            Commons ten shillings a piece.</p>

         <note type="Margin" rend="left">Maskes.</note>
         <p> And that there was also a Mask <hi rend="above">c</hi> performed at the Court, by the
            Gentlemen of this House, and of Grays Inne, at the marriage of the Lady Elizabeth
            (daughter to King James) unto Frederick Prince Elector Palatine of the Rhene.</p>

         <p>As also, that at Christmass 9 Car. 1.<note type="foot"><hi rend="italic"
               >1633</hi></note> there was a Mask <hi rend="above">d</hi> presented to his Majesty
            at the equal chardges of the four Innes of Court; towards which was contributed</p>

         <lg>
            <l>Every Bencher––05 l.––00 s.</l>
            <l>Every Utter-Barrister of 7. years standing 02––10.</l>
            <l>Every Gentleman under the Barr––02––00.</l>
            <!-- Left pointed bracket that includes the 3 names above; with the text: "by" on the left of bracket -->
            <l>Besides several Officers larger Summs.</l>
         </lg>


         <p> Nor is it to be forgotten, that upon the xvith. day of November, in the 3<hi
               rend="above">d</hi>. year of Queen Elizabeths reign<note type="foot"><hi
                  rend="italic">1561</hi></note>, the Society of this House, taking into
            consideration, that the Fellowship of the Middle Temple (who had lost Strande-Inne upon
            the building of Somerset House, temp. Edw. 6.) having endeavoured to take away Lyons
            Inne (an Inne of Chancery) from this House, whereunto it had antiently belonged: as also
            that the two Chief Justices (viz. Sir Robert Catlyn and Sir James Dyer) had abetted that
            their attempt; and that, through earnest intercession to the Queen, by the Lord Robert
            Dudley (afterwards <note type="Margin" rend="right">e Ex Registro ejusdem Hosp<hi
                  rend="italic">icij</hi> Vol. 1. fol. 136. b.</note> Earl of Leicester) there was a
            stop made therein; <lg>
               <l> APPENDIX 11 769</l>
            </lg> did then order <hi rend="above">e</hi> and enact, that no person or persons of
            this Society, that then were, or thereafter should <note type="Margin" rend="right"
               >Robert Earl of Leicester.</note> be, should be retained of Councell against him the
            said Lord Robert, or his heirs: And that the Arms of the said Lord Robert should be set
            up and placed in some convenient place in their Hall, as a continual Monument of that
            his Lordships favour to them.</p>

         <p>Of the grand Christmasses kept here.</p>

         <note type="Margin" rend="right"> a Vide Regist <hi rend="italic">rum</hi> hujus domus f.
            138. a.</note>
         <p> IN<note type="foot"><hi rend="italic">enlarged initia</hi> I</note> the 4th. year of
            Queen Eliz. reign IN<note type="foot"><hi rend="italic">1561-2</hi></note>, there was
            kept <hi rend="above">a</hi> a magnificent Christmass here; at which the Lord Robert
            Dudley (aftewards Earl of Leicester) was the Chief person (his title Palaphilos) being
            Constable and Marshall; whose Officers then were as followeth:</p>

         <lg>
            <l> Mr.<note type="foot"><hi rend="italic">enlarged initial</hi>M</note> Onslow, Lord
               Chancellour.</l>
            <l>Anthony Stapleton, Lord Treasurer.</l>
            <l>Robert Kelway, Lord Privy Seal.</l>
            <l>John Fuller, Chief Justice of the Kings Bench.</l>
            <l>William Pole, Chief Justice of the Common Pleas.</l>
            <l>Roger Manwood, Chief Baron of the Exchequer.</l>
            <l>Mr. Bashe, Steward of the Household.</l>
            <l>Mr. Copley, Marshall of the Household.</l>
            <l>Mr. Paten, Chief Butler.</l>
            <l>Christopher Hatton Master of the Game (He was afterwards Lord</l>
            <l>Chancellour of England.)</l>

            <l>Mr. Blaston,</l>
            <l>Mr. Yorke, Masters of the Revells.</l>
            <l>Mr. Penston,</l>
            <l>Mr. Jervise.</l>
            <!-- Right pointed bracket includes the 4 names above; the text: "Masters of the Revells." to the right of bracket -->
            <l>Mr. Parker, Lieutenant of the Tower.</l>
            <l>Mr. Kendall, Carver. |</l>
            <l>Mr. Martyn, Ranger of the Forests.</l>
            <l>Mr. Stradling, Sewer.</l>
            <l>And there were fourscore of the Guard; besides divers others not here</l>
            <l>named.</l>
         </lg>

         <note type="Margin">* Impr<hi rend="italic">essus</hi>Lond<hi rend="italic">ini</hi>
            1576</note>
         <p>TOuching<note type="foot"><hi rend="italic">enlarged initial</hi>T</note> the
            particulars of this grand Feast, Gerard Leigh in his Accidence* of Armory pag. 119.
            &amp;amp;c. having spoken of the Pegasus born for the Armes of this Society, thus goes
            on ––<note type="foot"><hi rend="italic">cites Legh, ff 203u-6, as reprinted in Appendix
                  1, pp 366-8</hi></note></p>
         <p>…</p>

         <lg>
            <l> 770 APPENDIX 11</l>
         </lg>

         <p><title><hi rend="bold"> (p 153 col 1–p 157 col 1)</hi></title></p>
         <p>…</p>

         <p>Other particulars touching these grand Christmasses extracted out of the Accompts of the
            House.</p>

         <p>FIrst<note type="foot"><hi rend="italic">enlarged initial</hi>F</note>, it hath been the
            duty of the Steward to provide five fat Brawns, Vessells, Wood, and other necessaries
            belonging to the Kitchin: As also all manner of Spices, Flesh, Fowl, and other Cates for
            the Kitchin.</p>

         <p>The Office of the Chief Butler to provide a rich Cupbord of Plate, Silver and parcel
            gilt: Seaven dozen of Silver and gilt Spoons: Twelve fair Saltcellers, likewise silver
            and gilt: Twenty Candlesticks of the like.</p>

         <p>Twelve fine large Table-Cloths, of Damask and Diaper. Twenty dozen of Napkins suitable,
            at the least. Three dozen of fair large Towells; whereof the Gentlemen Sewers, and
            Butlers of the House, to have every of them one at mealtimes, during their attendance.
            Likewise to provide Carving Knives: Twenty dozen of white Cups and green Potts: A
            Carving Table; Torches; Bread; Beer, and Ale. And the chief of the Butlers was to give
            attendance on the highest Table in the Hall, with Wine, Ale, and Beer: and all the other
            Butlers to attend at the other Tables in like sort.</p>

         <p>The Cupbord of Plate is to remain in the Hall on Christmass day, St. Stephans day, and
            New years day, from Breakfast time ended, untill after Supper. Upon the Banquetting
            night it was removed into the Buttry; which in all respects was very laudably
            performed.</p>

         <p>The Office of the Constable-Marshall to provide for his imployment, a fair gilt compleat
            Harneys, with a nest of Fethers in the Helm; a fair Poleaxe to bear in his hand, to be
            chevalrously ordered on Christmass day, and other days, as afterwards is shewed:
            touching the ordering and setling of all which ceremonies, during the said grand
            Christmass, a solempn consultation was held at their Parliament in this House, in form
            following.</p>

         <p>First at the Parliament kept in their Parliament Chamber of this House, on the even at
            night of St. Thomas the Apostle, Officers are to attend, according as they had been long
            before that time, at a former Parliament named and elected to undergo several offices
            for this time of solempnity, honour, and pleasance: Of which Officers, these are the
            most eminent; namely the Steward, Marshall, Constable-Marshall, Butler, and Master of
            the Game. These Officers are made known and elected in Trinity Term next before; and to
            have knowledg thereof by Letters, if in the Country, to the end they may prepare
            themselves against All Hallontide; that if such nomitated Officers happen to fail,
            others may then be chosen in their rooms. The other Officers are appointed at other
            times neerer Christmass day.</p>

         <lg>
            <l> APPENDIX 11 771</l>
         </lg>

         <p>If the Steward, or any of the said Officers named in Trinity Term, refuse or fail, he or
            they were fined every one, at the discretion of the Bench; and the Officers aforenamed
            agreed upon. And at such a Parliament, if | it be fully resolved to proceed with such a
            grand Christmass, then the two youngest Butlers must light two Torches, and go before
            the Bench to the vpper end of the Hall: who being set down, the antientest<note
               type="foot"><hi rend="italic">ie, most senior</hi></note> Bencher delivereth a
            Speech, briefly, to the whole society of gentlemen then present, touching their consent,
            as afore: which ended, the eldest Butler is to publish all the Officers names, appointed
            in Parliament: and then in token of joy and good liking, the Bench and Company pass
            beneath the Harth, and sing a Caroll, and so to Boyer.</p>

         <note type="Margin" rend="left">Christmass Eve.</note>
         <p>The Marshall at Dinner is to place at the highest Tables end, and next to the Library,
            all on one side thereof, the most antient persons in the Company, present: the Dean of
            the Chapell next to him: then an Antient, or Bencher, beneath him. At the other end of
            the Table, the Sewer, Cupbearer, and Carver. At the upper end of the Bench table, the
            King’s Serjeant and Chief Butler: and when the Steward hath served in, and set on the
            Table the first Mess, then he is also to sit down.</p>

         <p>Also at the upper end of the other Table, on the other side of the Hall, are to be
            placed the three Masters of the Revells: and at the lower end of the Bench table, are to
            sit, the King’s Attorney, the Ranger of the Forest, and the Master of the Game. And at
            the lower end of the Table on the other side of the Hall, the fourth Master of the
            Revells, the Common Serjeant, and Constable-Marshall. And at the upper end of the
            Utter-Baristers Table, the Marshall sitteth, when he hath served in the first Mess: The
            Clark of the Kitchin also, and the Clark of the Sowce-tub, when they have done their
            offices in the Kitchin, sit down. And at the upper end of the Clarks table, the
            Lieutenant of the Tower, and the attendant to the Buttry are placed.</p>

         <p>At these two Tables last rehersed, the persons there may sit upon both sides of the
            Table: but of the other three Tables, all are to sit upon one side. And then the Butlers
            or Christmass servants, are first to cover the Tables with fair linnen Table-Cloths; and
            furnish them with Salt-sellers, Napkins, and Trenchers, and a Silver spoon. And then the
            Butlers of the House, must place at the Salt-seller, at every the said first three
            highest Tables, a stock of Trenchers, and Bread: and at the other Tables, Bread only
            without Trenchers.</p>

         <p>At the first Course the Minstrells must sound their Instruments, and go before: and the
            Steward and Marshall are next to follow together; and after them the Gentleman Sewer;
            and then cometh the meat. Those three Officers, are to make altogether three solempn
            Curtesies, at three several times, between the Skreen and the upper Table; beginning
            with the first, at the end of the <lg>
               <l> 772 APPENDIX 11</l>
            </lg> Benchers table; the second at the midst; and the third at the other end; and then
            standing by, the Sewer performeth his Office.</p>

         <p>When the first Table is set and served, the Stewards Table is next to be served. After
            him, the Masters table of the Revells: Then that of the Master of the Game. The high
            Constable-Marshall: Then the Lieutenant of the Tower: then the Utter-Baristers table;
            and lastly the Clerks table: All which time the Musick must stand right above the Harth
            side, with the noise of their Musick; their faces direct towards the highest Table: and
            that done, to return into the Buttry, with their Musick sounding.</p>

         <p>At the second course every Table is to be served, as at the first Course, in every
            respect, which performed, the Servitors and Musicians, are to resort to the place
            assigned for them to dine at; which is the Valects or YeomansTable, beneath the Skreen.
            Dinner ended, the Musicians prepare to sing a Song, at the highest Table: which ceremony
            accomplished, then the Officers are to address themselves every one in his office, to
            avoid the Tables in fair and decent manner, they beginning at the Clerks Table; thence
            proceed to the next; and thence to all the others till the highest Table be solempnly
            avoided.</p>

         <p>Then, after a little repose, the per-|sons at the highest Table arise, and prepare to
            Revells: in which time, the Butlers and other Servitors with them, are to dine in the
            Library.</p>

         <p>At both the dores in the Hall<note type="foot"><hi rend="italic">ie, the doors in the
                  screen</hi></note>, are Porters to view the Comers in and out at meal times: To
            each of them is allowed a Cast of Bread, and a Candle, nightly after Supper.</p>

         <p>At night, before Supper, are Revells and Dancing; and so also after Supper, during the
            twelve days of Christmass. The antientest Master of the Revells, is after Dinner and
            Supper, to sing a Caroll, or Song; and command other Gentlemen then there present, to
            sing with him and the Company, and so it is very decently performed.</p>

         <lg>
            <l>A Repast at Dinner, is<!-- >>>>>>>>>>>>>>>>>>>>>>>>>>>>>> -->–––viii d.</l>
         </lg>


         <note type="Margin" rend="left">Christmass Eve.</note>
         <p>Service in the Church ended, the Gentlemen presently repair into the Hall, to Breakfast,
            with Brawn, Mustard, and Malmsey.</p>

         <p>At Dinner, the Butler appointed for the grand Christmass, is to see the Tables covered
            and furnished: and the ordinary Butlers of the House, are decently to set Bread,
            Napkins, and Trenchers in good form, at every Table; with Spoones and Knives.</p>

         <p>At the first Course is served in, a fair and large Bores-head, upon a Silver Platter,
            with Minstralsye. Two Gentlemen in Gownes are to attend at Supper, and to bear two fair
            Torches of Wax, next before the Musicians and Trumpetters, and stand above the Fire with
            the Musick, till the first Course <lg>
               <l>APPENDIX 11 773</l>
            </lg> be served in, through the Hall. Which performed, they with the Musick are to
            return into the Buttry. The like course is to be observed in all things, during the time
            of Christmass. The like at Supper.</p>

         <p>At Service time this Evening, the two youngest Butlers, are to bear two Torches in the
            Genealogià. A Repast at Dinner is xij d. which Strangers of worth are admitted to take
            in the Hall; and such are to be placed at the discretion of the Marshall.</p>

         <note type="margin" rend="left">St. Stephan's day.</note>
         <p> The Butler appointed for Christmass, is to see the Tables covered, and furnished with
            Salt-Sellers, Napkins, Bread, Trenchers and Spoones. Young gentlemen of the House are to
            attend and serve till the latter Dinner, and then dine themselves.</p>

         <p>This day the Sewer, Carver, and Cup-bearer, are to serve as afore. After the first
            Course served in, the Constable Marshall cometh into the Hall, arrayed with a fair,
            rich, compleat Harneys, white and bright, and gilt; with a Nest of Fethers of all
            Colours upon his Crest or Helm, and a gilt Pole-axe in his hand: to whom is associate
            the Lieutenant of the Tower, armed with a fair white Armour, a Nest of Fethers in his
            Helm, and a like Pole-axe in his hand; and with them sixteen Trumpetters; four Drums and
            Fifes, going in rank before them: and with them attendeth four men in white Harneys,
            from the middle upwards, and Halberds in their hands, bearing on their shoulders the
            Tower: which persons, with the Drums, Trumpets, and Musick go three times about the
            Fire. Then the Constable-Marshall, after two or three Curtesies made, kneeleth down
            before the Lord Chancellor; behind him the Lieutenant; and they kneeling, the
            Constable-Marshall pronounceth an Oration of a quarter of an hours length, thereby
            declaring the purpose of his coming: and that his purpose is to be admitted into his
            Lordship’s service.</p>

         <p>The Lord Chancellour saith, He will take farther advice therein.</p>

         <p>Then the Constable-Marshall standing up, in submissive manner delivereth his naked Sword
            to the Steward; who giveth it to the Lord Chancellour: and thereupon the Lord
            Chancellour willeth the Marshall, to place the Constable-Marshall in his Seat: and so he
            doth, with the Lieutenant also in his Seat or place. During this Ceremony the Tower is
            placed beneath the fire.</p>

         <p>Then cometh in the Master of the Game apparalled in green Velvet: and the Ranger of the
            Forest also, in a green suit of Satten; bearing in his hand a green Bow, and divers
            Arrows, with either of them a Hunting | Horn about their Necks; blowing together three
            blasts of Venery, they pace round about the fire three times. Then the Master of the
            Game maketh three Curtesies, as aforesaid; and kneeleth down before the Lord
            Chancellour, declaring the cause of his coming; and desireth to be admitted into his
            service &amp;amp;c. All <lg>
               <l> 774 APPENDIX 11</l>
            </lg> this time the Ranger of the Forest standeth directly behind him. Then the Master
            of the Game standeth up.</p>

         <p>This Ceremony also performed, a Huntsman cometh into the Hall, with a Fox and a
            Purse-net; with a Cat, both bound at the end of a staff; and with them nine or ten
            Couple of Hounds, with the blowing of Hunting-Hornes. And the Fox and Cat are by the
            Hounds set upon, and killed beneath the Fire. This sport finished, the Marshall placeth
            them in their several appointed places.</p>

         <p>Then proceedeth the second Course: which done, and served out, the Common Serjeant
            delivereth a plausible Speech to the Lord Chancellour, and his Company, at the highest
            Table, how necessary a thing it is, to have Officers at this present; the
            Constable-Marshall, and Master of the Game, for the better honour and reputation of the
            Common-Wealth; and wisheth them to be received &amp;amp;c.</p>

         <p>Then the King’s Serjeant at Law, declareth and inferreth the necessity; which heard, the
            Lord Chancellour desireth respite of farther advice. Then the antientest of the Masters
            of the Revells singeth a Song, with assistance of others there present.</p>

         <p>At Supper the Hall is to be served in all solempnity, as upon Christmass day, both the
            first and second Course to the highest Table. Supper ended, the Constable-Marshall
            presenteth himself with Drums afore him, mounted upon a Scaffold, born by four men; and
            goeth three times round about the Harthe, crying out aloud, A Lord, A Lord, &amp;amp;c.
            Then he descendeth &amp;amp; goeth to dance &amp;amp;c. and after he calleth his Court,
            every one by name, one by one, in this manner. </p>

         <lg>
            <l>Sir Francis Flatterer of Fowleshurst, in the County of Buckingham.</l>
            <l>Sir Randle Rackabite, of Rascall hall, in the County of Rake Hell.</l>
            <l>Sir Morgan Mumchance, of Much Monkery, in the County of Mad Mopery.</l>
            <l>Sir Bartholmew Baldbreech, of Buttocks-bury, in the County of Breke neck.</l>
         </lg>

         <note type="Margin">St. John's Day.</note>
         <p>This done, the Lord of Misrule addresseth himself to the Banquet: which ended with some
            Minstralsye, mirth, and dancing, every man departeth to rest.</p>

         <p>At every Mess, is a Pot of Wine allowed. Every Repast is vi d.</p>

         <p>About seaven of the Clock in the Morning, the Lord of Misrule is abroad, and if he lack
            any Officer or attendant, he repaireth to their Chambers, and compelleth them to attend
            in person upon him after Service in the Church, to Breakfast, with Brawn, Mustard, and
            Malmsey. After Breakfast ended, his Lordships power is in suspence, untill his personal
            presence at night; and then his power is most potent.</p>

         <lg>
            <l>APPENDIX 11 775</l>
         </lg>

         <p> At Dinner and Supper is observed the Diet and service performed on St. Stephans day.
            After the second Course served in, the King’s Serjeant, Oratour-like, declareth the
            disorder of the Constable-Marshall, and of the Common Serjeant: which complaint is
            answered by the Common Serjeant, who defendeth himself and the Constable-Marshall with
            words of great efficacy: Hereto the King’s Serjeant replyeth. They rejoyn &amp;amp;c.
            and who so found faulty committed to the Tower &amp;amp;c.</p>

         <p>If any Officer be absent at Dinner or Supper times; if it be complained of, he that
            sitteth in his place is adjudged to have like punishment, as the Officer should have had
            being present: and then withall he is enjoyned to supply the office of the true absent
            Officer, in all points. If any offendor escape from the Lieutenant into the Buttery, and
            bring into the Hall a Manchet upon the point of a knife, he is pardoned: For the Buttry,
            | in that case is a Sanctuary. After Cheese served to the Table, not any is commanded to
            sing.</p>

         <note type="margin" rend="left">Childermass day.</note>
         <p> In the Morning, as afore on Monday, the Hall is served; saving that the Sewer, Carver,
            and Cup-bearer do not attend any service. Also like Ceremony at Supper.</p>

         <note type="margin" rend="left">Wednsday.</note>
         <p>In the Morning no Breakfast at all; but like service as afore is mentioned, both at
            Dinner and Supper.</p>

         <note type="margin" rend="left">Thursday.</note>
         <p>At Breakfast, Brawn, Mustard, and Malmsey. At Dinner Roast-beef, Venison-Pasties, with
            like solempnities as afore. And at Supper Mutton and Hens roasted.</p>

         <note type="margin" rend="left">New-years day.</note>
         <p> In the Morning, Breakfast, as formerly. At Dinner like solempnity as on Christmass
            Eve.</p>

         <p><title> The Banquetting night.</title></p>

         <p> IT<note type="foot"><hi rend="italic">enlarged initial</hi>I</note> is proper to the
            Butler’s Office, to give warning to every House of Court, of this Banquet; to the end
            that they, and the Innes of Chancery be invited thereto, to see a Play and Mask. The
            Hall is to be furnished with Scaffolds to sit on, for Ladies to behold the Sports, on
            each side. Which ended, the Ladies are to be brought into the Library, unto the Banquet
            there; and a Table is to be covered and furnished with all Banquetting Dishes, for the
            Lord Chancellour, in the Hall; where he is to call to him the Ancients of other Houses,
            as many as may be on the one side of the Table. The Banquet is to be served in, by
            Gentlemen of the House.</p>

         <p>The Marshall and Steward are to come before the Lord Chancellour’s Mess. The Butlers for
            Christmass must serve Wine; and the Butlers of the House, <lg>
               <l> 776 APPENDIX 11</l>
            </lg> Beer and Ale &amp;c. When the Banquet is ended, then cometh into the Hall the
            Constable-Marshall, fairly mounted on his Mule; and deviseth some sport, for passing
            away the rest of the night.</p>

         <note type="Margin" rend="left"> Twelf-Day.</note>
         <p>At Breakfast, Brawn, Mustard, and Malmsey, after Morning-Prayer ended: And at Dinner the
            Hall is to be served, as upon St. John’s day.</p>
         <p>…</p>

         <p><title rend="bold"> Lincoln’s Inn (p 245 col 1–p 246 col 2)</title></p>
         <p>…</p>

         <p><title>Publick Expences at great Solemnities.</title></p>

         <p>THe<note type="foot"><hi rend="italic">enlarged initial</hi>T</note> first of these,
            whereof the Registers of this House do take any notice, was in 7 <note type="Margin"
               rend="left">*Ex Registro Hosp <hi rend="italic">icij</hi> Linc. Vol. 1. fol. 149.
               a.</note> Edw.* 4.<note type="foot"><hi rend="italic">1467-8</hi></note> at the Justs
            then held in Smithfield, betwixt Wydevile Lord Scales, and the Bastard Son of the Duke
            of Burgundy, upon a mandate received from the King, by the four Innes of Court; that
            each of them should furnish out four armed men for the said King’s guard: which was
            accordingly done, Scaffolds being set up to see the Justs, and the charges of all born
            by a rate.</p>

         <p>The next was at the Coronation of King Henry the viiith.<note type="foot"><hi
                  rend="italic">22 April 1509</hi></note>
            <note type="Margin" rend="right">f Ex alio Registro Vol. 4. fol. 25. h.</note> for the
            honour whereof they spent <hi rend="above">f</hi> one Hogshead of Claret wine, price xx
            s. and laid out five pounds in making of Scaffolds at Westminster to stand on, for view
            of the Justs and Tiltings, which were then exercised.</p>

         <note type="Margin" rend="right">g Ex alio Registro, Vol. 7. f. 516. a. &amp; 558.
            a.</note>
         <p>The third upon a Mask <hi rend="above">g</hi> in 11 Jac.<note type="foot"><hi
                  rend="italic">1613-1614</hi></note> presented by this Society before the King, at
            the marriage of the Lady Elizabeth, his daughter, to the Prince Elector Palatine of the
            Rhene, which cost no less than MLxxxvi l. viii s. xi d.</p>

         <p>Shortly after which, viz. in 14 Jac.<note type="foot"><hi rend="italic">1616</hi></note>
            <note type="Margin" rend="right">h Ib<hi rend="italic">idem</hi> f. 629. b.</note> at
            the Creation of the most Illustrious Charles Prince of Wales, they agreed <hi
               rend="above">h</hi> upon a taxation of xl s. a piece from every Bencher and
            associate; every Barister and above, xxx s.; every Barister under seaven years xx s. and
            every Gentleman xiii s. iiii d. for defraying the charge of the performances at the
            Barriers, in honour of that great solemnity.</p>

         <note type="Margin" rend="right">i Ex alio Registro sc. Vol. 8. f. 290. a.</note>
         <p>And it is no less observable; that the motion <hi rend="above">i</hi> for that famous
            Mask, which was presented to the King at Christmas, 9 Caroli 1.<note type="foot"><hi
                  rend="italic">1633-4</hi></note> first proceeded from this House unto the other
            three Innes of Court; the total charge whereof to them all, amounted to MMCCCC l.
            towards the <note type="Margin" rend="right">k Ib<hi rend="italic">idem</hi> f. 291.
               a.</note> supporting whereof, it was ordered <hi rend="above">k</hi> in this Society,
            that every Bencher should pay vi l.; Every Utter-Barister of seaven years standing or
            above, iii l. and under seaven years standing xl s.; and everyGentleman xx s. Which Mask
            became so well accepted <lg>
               <l>APPENDIX 11 777</l>
            </lg> from <note type="Margin" rend="right">I Ib<hi rend="italic">idem</hi> f. 305.
               b.</note> his Majesty that besides his thanks to them, he invited an hundred <hi
               rend="above">l</hi> and twenty Gentlemen of the four Innes of Court unto that Mask at
            White Hall, which was on Shrove-tuesday following.</p>


         <p><title> Revells.</title></p>

         <p> ANd<note type="foot"><hi rend="italic">enlarged initial</hi> A</note> that nothing
            might be wanting for their encouragement in this excellent study, they have very
            antiently had Dancings for their recreation and delight, commonly called <note
               type="Margin" rend="right">m Ex Registro Hosp<hi rend="italic">icij</hi> Linc. Vol.
               1. fol. 20. a.</note> Revells, allowed at certain seasons; and that by special order
               <hi rend="above">m</hi> of the Society, as appeareth in 9 H. 6.<note type="foot"><hi
                  rend="italic">1430-1 (?)</hi></note>; | viz. that there should be four Revells
            that year, and no more; one at the feast of All hallown, another at the feast of St.
            Erkenwald; the third at the feast of the Purification of our Lady; and the 4th. on
            Midsummer Day: one person yearly elected of the Society, being made choice of, for
            director in those pastimes, called the Master of the Revells: which sports were long
            before that time used, as may appear by this Order <hi rend="above">n</hi>, in their
            publick Councel, made upon Allhallown Day 8 Eliz.<note type="foot"><hi rend="italic">1
                  November 1566</hi></note> that the Musicians, at the antient and solemn Revells
            (for so they were then called) should have their stipend increased, for their service on
            the two principal Feasts; Allhallown tide and Candlemass; that is to say, where they
            were wont to have, for their service done, for Allhallown Even, Allhallown Day at Noon,
            and Allhallown day at night vi s. iiii d., that thenceforth they should have for their
            said service, at that time vi s. viii d. and the like sum at Candlemass, having had but
            iii s. iiii d. before.</p>

         <p>Nor were these Exercises of Dancing meerly permitted; but thought very necessary (as it
            seems) and much conducing to the making of gentlemen more fit for their Books at other
            times; for, by an Order <hi rend="italic">o</hi> made 6 Febr. 7 Jac.<note type="foot"
                  ><hi rend="italic">1610/11</hi></note> it appears, that the Under-Baristers, were
            by Decimation put out of Commons, for examples sake, because the whole Bar offended by
            not Dancing on Candlemass day preceding, according to the antient Order of this Society,
            when the Judges were present: with this, that if the like fault were committed
            afterwards, they should be fined or disbarred.</p>

         <note type="Margin" rend="left">Grand Ch--st--</note>
         <p><title> Grand Christmasses.</title></p>

         <p>TOuching<note type="foot"><hi rend="italic">enlarged initial</hi>T</note> the great
            state and magnificence used herein, having already spoke in my Discourse of the Inner
            Temple; whereIhave fully described the splendid Shews, notable pastimes, and costly
            feastings, antiently used at Christmass <lg>
               <l> 778 APPENDIXX 11</l>
            </lg>
            <note type="Margin" rend="left">p Ex Registro Hosp<hi rend="italic">icij</hi> Linc. Vol.
               4. fol. --.</note> time in that Society; I shall here only in brief observe; that the
            first Order <hi rend="above">p</hi>, wherewith I have met, which maketh any mention of
            these solemnities in this House, was in 9 H. 8.<note type="foot"><hi rend="italic"
                  >1517-18</hi></note> it being then agreed and ordained; that he who should, after
            that time, be chosen King on Christmass Day, ought then to occupy the said room, if he
            were present; and in his absence the Marshall, for the time being, by the advice of the
            Utter-Baristers present, to name another.</p>

         <p>And for learning of young gentlemen to do service, that the Marshall should sit as King
            on New years Day, and have like service as on Christmass Day: And the Master of the
            Revells, during Dinner time, supply the Marshall’s room.</p>

         <p>Moreover, that the King of Cockneys on Childermass Day, should sit and have due service;
            and that he and all his Officers, should use honest manner and good Order, without any
            wast or destruction making, in Wine, Brawn, Chely, or other Vitaills: as also, that he
            and his Marshal, Butler, and Constable Marshal should have their lawful and honest
            Commandments by delivery of the Officers of Christmas: And that the said King of
            Cockneys, ne none of his Officers medyll neither in the Buttry, nor in the Stuard of
            Christmass his Office, upon pain of xl s. for every such medling. And lastly, that Jack
            Straw, and all his adherents should be thenceforth utterly banisht, and no more to be
            used in this House, upon pain to forfeit, for every time five pounds, to be levied on
            every fellow hapning to offend against this Rule.</p>

         <p>But these Grand Christmasses were not, it seems, constantly kept; for thus I find in an
               <note type="Margin" rend="right"> q Ex alio Registro, sc--. Vol. 5. f. 9. --.</note>
            Order <hi rend="above">q</hi> entred in their Register, made 27 Nov. 22 H. 8.<note
               type="foot"><hi rend="italic">1530-1</hi></note> Yt is agreed, that if the two
            Temples do kepe Chrystemas, then Chrystemas to be kept here: and to know this, the
            Steward of the House ys commanded to get knowlydge, and to advertise my Masters by the
            next day at night.</p>
         <p>…</p>

         <p><title><hi rend="bold">Middle Temple (p 204 col 1-2, p 205 cols 1-2)</hi></title></p>
         <p>…</p>

         <p>On the other side, those who are put by their Readings, remove from the Bar table (where
            before they used to sit) unto a Table called the Auncients Table, on the other side of
            the Hall, opposite to the Bar table; where also they give a garnish of Wine for their
            welcome; and from thenceforth they are freed from all Mootes and Exercises in the House,
            and likewise from the ceremony of walking the old measures about the Hall at the times
            accustomed. And it is no disgrace for any man to be removed hither; for by reason of the
            excessive chardge of Readings, many men of great learning and competent practise, aswell
            as others of less learning, but great estates, have refused to Read, and are here
            placed.</p>

         <lg>
            <l>APPENDIX 11 779</l>
         </lg>

         <p>The two Readers, new chosen as aforesaid, at the next Feast day of All Saints (on which
            day such Judges and Serjeants at Law, as have issued out of this Society, are highly
            feasted, and come in their Scarlet robes) are bound to give their attendance, their duty
            being to meet the Judges and Serjeants at the lower end of the Hall, and to conduct them
            upwards. For distinction, and orders sake, the one of them, viz. the Ancient, hath a
            white staff in his hand; the other a white Rod, with which they usher in the meat,
            following next after the Musick. When the meat is brought to the Table (which at such
            solemn Feasts is allways performed by young Gentlemen of the House, under the Bar) the
            one of the two new Readers elect, receives every Dish of the Gentlemen, who carried it,
            and placeth it on the Table, in decent order; the other standing by to wait on the
            Judges. And during the Feast, they both, with solemn curtesies, welcome both the Judges
            and Serjeants.</p>

         <p>Besides this, the puisne Reader elect, serves every Mess throughout the Hall, receiving
            it from the Steward, and placing it on the Table. Dinner being ended, they wait on the
            Judges and Serjeants; ushering them, either into the Garden, or some other retiring
            place, untill the Hall be clensed, and prepared; and then they usher them again into the
            Hall, and place them in their rooms, one after another. This being done, the Auncient of
            the two that hath the staff in his hand, stands at the upper end of the Bar Table; and
            the other, with the white Rod, placeth himself at the Cupboard, in the middle of the
            Hall, opposite to the Judges; where the Musick being begun, he calleth twice the Master
            of the Revells. And at the second call, the Auncient, with his white staff, advanceth
            forward, and begins to lead the measures; followed, first by the Baristers, and then the
            Gentlemen under the Bar, all according to their several antiquities: and when one
            measure is ended, the Reader at the Cupboard, calls for another, and so in order.</p>

         <p>All such as are in Commons, under the degree of Benchers (except only them of the
            Auncients Table, who are past their Readings) ought not to be absent from solemn
            Revells: and whoever they be that do absent themselves, do forfait, or are finable iii
            s. iiii d. And whosoever of the Bar that are made choice of to carry up Wafers (on grand
            days) to the Judges, and do refuse, do forfait x s. And whosoever of the young gentlemen
            under the Bar, that refuse, do forfait v s. And whosoever on days of solemn Revells, do
            refuse to carry up Bread and Beer to the Masters of the Bench do forfeit, Baristers vi
            s. viii d. and others iii s. iiii d. |</p>

         <p>When the last measure is dancing, the Reader at the Cupboard, calls to one of the
            Gentlemen of the Bar, as he is walking or dancing with the rest, to give the Judges a
            Song: who forthwith begins the first line of any Psalm, as he thinks fittest; after
            which, all the rest of the Company follow, and sing with him. Whilst they are thus
            walking and singing, the Reader with the white Rod, departs from the Cupboard, and makes
            his choice of a competent <lg>
               <l> 780 APPENDIX 11</l>
            </lg> number of Utter-Baristers, and as many under the Bar, whom he takes into the
            Buttry; where, there is delivered unto every Barister, a Towell, with Wafers in it; and
            unto every Gentleman under the Bar, a wooden Bowl, filled with Ipocras, with which they
            march in order into the Hall, the Reader with his white Rod, going formost. And when
            they come near to the half pace, opposite to the Judges, the Company divide themselves,
            one half (aswell Baristers, as those under the Bar) standing on the one side of the
            Reader; and the other on the other side: and then, after a low solemn Congee made, the
            Gentlemen of the Bar first carry the Wafers; the rest, with the new Reader, standing in
            their places. At their return, they all make another solemn low Congee, and then the
            Gentlemen under the Bar, carry their Bowles of Ipocras to the Judges: and returning,
            when the Judges have drank, they make the like solemn Congee, and so all depart, saving
            the new Readers elect, who wait upon the Judges untill their departure; and then usher
            them down the Hall, unto the Court Gate, where they take their leaves of them.</p>

         <p>In the self same manner, they entertain the Judges and Serjeants on All Hallown day and
            on the Feast day of the Purification of our Lady. Which two Feasts, viz. All Saints and
            Candlemass, are the only Feasts in the whole year, made purposely for the Judges and
            Serjeants in this Society: but of later time, divers Noblemen have been mixed with them,
            and solemnly invited as Guests to the Dinner, in regard they were formerly of the
            Society.</p>

         <p>As for the chardge of these Feasts, it is cast amongst the Gentlemen of the House, in
            their Commons; no man exempt, if he be within the City, though not in Commons: for in
            such Case he is called Visus in villâ<note type="foot"><hi rend="italic"> 'seen in the
                  town'</hi></note>, and shall pay half that weekes Commons, wherein the Feast day
            happens, though he take none.</p>

         <p>Moreover, for a farther honour to the Judges and Serjeants at Law, two auncient
            Baristers of the Society, are chosen to invite them to these Feasts; who, to that end,
            do repair to their several Chambers, four or five days before. Likewise, when they are
            in the Hall, and before they take their places, two antient Utter-Baristers are
            appointed to wait on them, with Basins and Ewers of sweet water, for the washing of
            their hands; and two other like antient Baristers with Towells.</p>

         <p>Besides these solemn Revells or measures aforesaid, they had wont to be entertained with
            Post Revells, performed by the better sort of the young Gentlemen of the Society, with
            Galliards, Corrantoes, and other Dances; or else with Stage-plays: the first of these
            Feasts being at the beginning, and other at the later end of Christmass. But of late
            years, these Post Revells have been dis-used, both here and in the other Innes of
            Court.</p>

         <p>…</p>

      </body>
   </text>
</TEI>
