<?xml version="1.0" encoding="UTF-8"?>
<?xml-model href="http://www.tei-c.org/release/xml/tei/custom/schema/relaxng/tei_all.rng" type="application/xml" schematypens="http://relaxng.org/ns/structure/1.0"?>
<?xml-model href="http://www.tei-c.org/release/xml/tei/custom/schema/relaxng/tei_all.rng" type="application/xml"
	schematypens="http://purl.oclc.org/dsdl/schematron"?>
<TEI xmlns="http://www.tei-c.org/ns/1.0">
   <teiHeader>
      <fileDesc>
         <titleStmt>
            <title>Title</title>
         </titleStmt>
         <publicationStmt>
            <p>Publication Information</p>
         </publicationStmt>
         <sourceDesc>
            <p>Information about the source</p>
         </sourceDesc>
      </fileDesc>
   </teiHeader>
   <text>
      <body>

         <ab>
            <title> 1613/14 Masque of Flowers STC: 17625 sigs A3–C4 TO THE VERIE <persName>HOnorable
                  Knight, Sir Francis Bacon, his Maiesties Attorney
            generall</persName>.</title></ab>

<div type="letter">
         <ab> 
            <persName>Honourable Sir</persName>;</ab>


         <p> THis last <name type="event" subtype="play">Maske</name>, presented by <orgName
               type="members">Gentlemen of Graies Inne</orgName>, before <persName>his
               Maiestie</persName>, in honor of the <name type="event">marriage</name>, and happy
            alliance betweene two such principall persons of the kingdome, as are the
               <persName>Earle of Suffolke</persName><note type="foot">
               <hi rend="italic">Thomas Howard, father of Frances, the bride</hi></note>, and the
               <persName>Earle of Sommerset</persName><note type="foot">
               <hi rend="italic">Robert Ker, the bridegroom</hi></note>, hath receiued such grace
            from <persName>his Maiestie</persName>, the <persName>Queene</persName> and
               <persName>Prince</persName>, and such approbation from the generall. As it may well
            deserue to bee repeated to those that were present, and represented to those that were
            absent, by committing the same to the Presse, as others haue been. The dedication of it
            could not be doubtfull, you hauing beene the Principall, and in effect the onely person,
            that did both incourage and warrant the <orgName type="members">Gentlemen</orgName>, to
            shew their good affection towards so noble a Coniunction, in a time of such
            Magnificence. Wherein we conceiue without giuing you false attributes, which little
            neede where so many are true. That you haue graced in generall all the
               <orgName>Societies of the Innes of Court</orgName>, in continuing them still as third
            persons with the Nobilite and <placeName>Court</placeName>, in doing the
               <persName>King</persName> honor. And particularly <orgName>Graies Inne</orgName>,
            which as you haue formerly brought to flourish both | in the auncienter and younger
            sort, by countenancing vertue in euery qualitie. So now you haue made a notable
            demonstration thereof in the later and lesse serious kind, by this, That one
               <orgName>Inne of Court</orgName> by it selfe, in time of a Vacation, and in the space
            of three weekes, could performe that which hath beene performed, which could not haue
            beene done, but that euery mans exceeding loue and respect to you, gaue him wings to
            ouertake Time, which is the swiftest of things. This which we alledge for your
               <persName>Honour</persName>, we may alledge indifferently for our excuse, if any
            thing were amisse or wanting, for your times did scarce afford moments, and our
            experience went not beyond the compasse of some former imployment of that nature, which
            our grauer studies mought haue made vs by this time to haue forgotten. And so wishing
            you all encrease of honour, we rest </p>

         <p> Humbly to doe you seruice,</p>
         <p>
            <persName type="members">I. G.</persName></p>
         <p>
            <persName type="members"> W. D.</persName></p>
         <p>
            <persName type="members"> T. B.| </persName></p>
         <note type="foot">
            <hi rend="italic"> these initials remain unidentified but probably belong to men of
               <orgName>Gray's Inn</orgName></hi></note>
     </div> 

<div type="description">
      
         <p>The Deuice of the Maske</p>

         <p>THe Sunne willing to doe honour to a <name type="event">Marriage</name>, betweene two
            noble persons of the <placeName>greatest Island of his vniuersall Empire</placeName>,
            writeth his Letter of Commission to the two Seasons of the yeare, the Winter and the
            Spring, to visite and present them on his part, directing the Winter to present them
            with sports, such as are commonly called by the name of <name type="event">Christmasse
               sportes, or Carnaual sportes</name>, and the Spring, with other sportes of more
            Magnificence.</p>

         <p>And more especially, that <persName type="character">Winter</persName> for his part take
            knowledge of a certaine Challenge which had beene lately sent and accepted betweene
               <persName type="character">Silenus</persName> and <persName type="character"
               >Kanasha</persName> vpon this point; That Wine was more woorthy then Tobacco, and did
            more cheere and relieue the spirits of man. This to be tried at two weapons, at Song and
            at Dance, and requiring the Winter to giue order that the same Challenge be performed in
            the dayes of Solemnitie of the same <name type="event">Marriage</name>.</p>

         <p>The same Letter containeth a second Speciall direction to the Spring, that whereas of
            ancient time certaine beautifull youths had bin transformed from Men to Flowers, and had
            so continued till this time, that now they should be returned againe into Men, | and
            present themselues in <name type="object" subtype="costume">Maske</name> at the same
               <name type="event">Marriage</name>.</p>

         <p>All this is accordingly performed, and first the two Seasons <persName type="character"
               >Inuierno</persName> and <persName type="character">Primauera</persName> come in, and
            receiue their dispatch from the Sunne, by <persName type="character">Gallus the Sunnes
               Messenger</persName>: Thereupon Winter brings in the Challenge, consisting of two
               <name type="event" subtype="play">Anticke-Maskes</name>, the <name type="event"
               subtype="play">Anticke-Maske</name> of the Song, and the <name type="event"
               subtype="play">Anticke- Maske</name> of the Dance.</p>

         <p>Then the Spring brings in the <name type="event" subtype="play">Maske</name> it selfe,
            and there is first seene in the fabrique, a faire Garden vpon a descending Ground, and
            at the height thereof there is a stately long Arbour or Bower arched vppon Pillars,
            wherein the Maskers are placed, but are not discouered at the first, but there appeare
            onely certaine great tufts of flowers betwixt the Collumnes. Those flowers vpon the
            Charme doe vanish, and so the Maskers appeare euery one in the space or inter-columne of
            his Arch.</p>
</div>

<div type="body">
         <p>
            <title>The Maske.</title></p>

         <p>AT the entrance of the <persName>King</persName>, at the lower end of the
               <placeName>Banquetting house</placeName>, appeared a <name type="object"
               subtype="set">Trauers painted in Perspectiue, like the wall of a Cittie, with
               battlements, ouer which were seene the Tops of houses</name>. In the middle whereof
            was a <name type="object" subtype="set">great gate, and on either side a Temple</name>,
            the one dedicated to <persName type="character">Silenus</persName>, and the other to
               <persName type="character">Kawasha</persName>, in either of which opened a <name
               type="object" subtype="set">little gate</name>.</p>

         <stage type="entrance">Out of the <name type="object" subtype="set">great gate</name>, in
            the middle of the Citty, entred <persName type="character">Inuierno or
            Winter</persName>, <name type="object" subtype="costume">attired like an old man, in |
                  <note type="foot">
                  <hi rend="italic"> start of sig B1</hi></note> a short gowne of silke shagge, like
               withered grasse all frosted and snowed ouer, and his Cappe, Gowne, Gamashes, and
               Mittins furred crimson, with long white haire and beard, hung with Icecicles</name>,
            he marcheth vp to the middle of the <placeName>Hall</placeName>, and looks round about
            him.</stage>

         <sp>
            <speaker n="Inuierno" rend="right"> Inuierno.</speaker>
            <lg>
               <l>Why thus it should be; such a night as this</l>
               <l> Puts downe a thousand weary longsome dayes</l>
               <l> Of Somer, when a Sunne, and Moone, and Stars</l>
               <l> Are mette within the <placeName>Pallace of a King</placeName>,</l>
               <l> In seuerall glory shining each on other,</l>
               <l> With raies of comfort, and benigne Aspects</l>
               <l> When hearts are warme: tis for the seely birds</l>
               <l> To sacrifice their Pipes vnto the Spring,</l>
               <l> And let the Pilgrim blesse the Summers day,</l>
               <l> But Courts, and Youth, and Ladies needs must praise</l>
               <l> The Winters raine.</l>
            </lg>
         </sp>


         <stage type="entrance">While <persName type="character">Inuierno</persName> was thus
            speaking, entreth the <persName type="character">Spring or Primauera</persName>, <name
               type="object" subtype="costume">attired like a <persName type="myth"
               >Nymph</persName>, a high tire on her head, Antike with knottes of faire haire, and
               Cobweb Lawnes rising one aboue an other, garnished with Flowers to some height, and
               behinde, falling downe in a pendant: an vpper-body of cloth of siluer florie, naked
               necke, and breast, decked with Pearls: a kertle of yellow cloth of gold, brancht with
               leaues, a mantle of greene and siluer stuffe, cut out in leaues, white buskins tied
               with greene ribands, fringed with flowers</name>. Shee ouertaking <persName
               type="character">Inuierno</persName>, clappes him on the shoulder. |</stage>

         <sp>
            <speaker n="Primauera" rend="left"> Primauera.</speaker>

            <p>Well ouertaken Winter. <persName type="character">Inuierno</persName>? <persName
                  type="character">Primauera</persName>?</p>
            <note type="foot">
               <hi rend="italic">they exchange greetings</hi></note>
         </sp>


         <sp>
            <speaker n="Inuierno" rend="left"> Inuierno.</speaker>
            <lg>
               <l>Whats that I see? why, how dare you approach?</l>
               <l> In <persName type="myth">Ianus</persName> month, D’ye meane to giue the lie</l>
               <l> To all the Almanackes that are come forth?</l>
               <l> As if they had not lide enough besides,</l>
               <l> Prouoke me not, flie hence you wanton gerle,</l>
               <l> Stay not one minute.</l>
            </lg>
         </sp>

         <sp>
            <speaker n="Primauera" rend="left"> Primauera.</speaker>
            <lg>
               <l>Good olde lad! I know you a merry one</l>
               <l> Within doores: bluster not, Ile choose thee for</l>
               <l> My Valentine, and tell thee tales and riddles</l>
               <l> These liuelong nights: Th’art euer borrowing</l>
               <l> Some dayes of me, then let this one day passe,</l>
               <l> Good frost-beard now. But stay, me thinks I see</l>
               <l> The Trumpet of the Sun, hee’l stint this strife.</l>
            </lg>
         </sp>

         <stage type="entrance">
            <persName type="character">Gallus</persName> comes in Post, <name type="object"
               subtype="costume">attired like a Post: in yellow damaske doublet and bases, the
               doublet close wings, cut like feathers, a Powch of carnation Sattin, wherein was his
               packet hung in a Bawdricke of the same, a paire of yellow bootes, spurres with one
               long pricke like a Cocke, a little Hatte of yellow Damaske, with a plume of red
               Feathers like a Crest</name>.</stage>

         <sp>
            <speaker n="Inuierno" rend="left"> Inuierno.</speaker>
            <lg>
               <l><persName type="character">Gallus</persName> mine owne braue Bird! welcome in
                  troth,</l>
               <l> Thou art no peeping creature that attends</l>
               <l> This gawdy wench, Thou wakest the feathered houres,</l>
               <l> And call’st to labour, Tell vs, whats the newes? |</l>
            </lg>
         </sp>

         <sp>
            <speaker n="Primauera" rend="right"> Primauera.</speaker>
            <lg>

               <l>What, crest and spurre! welcome, thou com’st in time,</l>
               <l>
                  <persName type="character">Winter</persName> hath almost giu’n me the agew,
                  faith</l>
               <l> He is so bitter, but thou shalt end our quarrell.</l>
            </lg>
         </sp>

         <sp>
            <speaker n="Gallus" rend="right"> Gallus.</speaker>
            <lg>
               <l><persName type="character">Seasons both</persName>, God saue you in your
                  times,</l>
               <l> I know you both so well, as if I should</l>
               <l> Giue leaue for you to chirpe, and you to chat:</l>
               <l> How you make all things greene,</l>
               <l> And you make all things fat.</l>
               <l> Time would away: peace then, read this dispatch,</l>
               <l> For I must backe to my accustomed watch.</l>
            </lg>
         </sp>

         <stage type="delivery">Winter reades the Letter.</stage>
   
</div>
         <div type="letter">

         <p>The Letter superscribed:</p>

         <p>To our faithfull and neuer-fayling Quarter-waiters, <persName type="character"
               >Inuierno</persName>, and <persName type="character">Primauera</persName>.</p>

         <p>WEe haue taken knowledge of a <name type="event">Marriage</name> to bee solemized
            betweene two noble Persons, in the principall <placeName>Island of our vniuersall
               Empire</placeName>, vnto which we are pleased to doe honour, and thereupon haue
            directed our seueral Letters to you the <persName type="character">Seasons of the
               yeare</persName> to visit, and present them on your part. To this purpose we would
            haue you <persName type="character">Inuierno</persName> to present them with such sports
            as are commonly knowne by the name of <name type="event">Christmasse sports, or Carnaual
               sports</name>: and you <persName type="character">Primauera</persName>, with sports
            of a more delicate nature, either of you according to your qualitie. And | for your
            better instruction and enablement towards the due execution of this your Commission, We
            require you <persName type="character">Inuierno</persName>, That whereas we
               vnderstaad<note type="foot">
               <hi rend="italic">for</hi> vnderstand</note> that <persName type="character"
               >Silenus</persName> hath lately sent a Challenge to <persName type="character"
               >Kawasha</persName>, vpon this point, to maintaine <note type="foot">
               <hi rend="italic">second</hi> n <hi rend="italic">is turned letter or foul case</hi></note>, That Wine is
            more woorthie then Tobacco, and cheereth mans spirit more, The same to be tried at two
            seuerall weapons, Song, and Dance; which Challenge the said <persName type="character"
               >Kawasha</persName> hath also accepted, you take order that the said Challenge be
            performed at this <name type="event">Marriage</name>, taking your conuenient time. And
            we require you <persName type="character">Primauera</persName> for your part, That
            whereas of auncient time there were certaine faire Youthes turned into Flowers, which
            haue so continued vntil this time, that you deale with <persName type="myth"
               >Flora</persName> by vertue of this <orgName>Commission</orgName>, That they be now
            returned to Men, and present a Dance at this <name type="event">Marriage</name>. Heereof
            faile you not.</p>

         <p>Giuen at our <placeName>Pallace</placeName> your <persName>Lord and Master, I, the
               Sunne.</persName></p>

         </div>
         <div type="body">

         <sp>
            <speaker n="Postscript" rend="left"> Postscript.</speaker>

            <p>We haue also directed our Letters to the <persName type="myth">Summer</persName>
               &amp; the <persName type="myth">Haruest</persName>, the one to present them with
               length of dayes, and the other with fruite, but those Letters come with the next
               dispatch.</p>
         </sp>


         <p>
            <title><name type="play">Antickemaske</name> of the Song.</title></p>

         <stage type="mixed">HEreupon they depart all three, and presently entred <persName
               type="character">Silenus</persName> at <name type="object" subtype="set">alitle <note
                  type="foot">
                  <hi rend="italic"> for</hi> a litle</note> gate</name> on the right hand,
               moun-|<note type="foot">
               <hi rend="italic">start of sig B3</hi></note>ted vpon an <name type="object"
               >artificiall Asse</name>, which sometimes being taken with straine of the Musicke,
            did bow downe his eares, and listen with great attention, the trappings were of Iuie,
            attended by a Satyre for his Palfreueir<note type="foot">
               <hi rend="italic">for</hi> Palfreneir</note>, who led the <name type="object"
               >Asse</name>.</stage>

         <stage type="entrance">At the same instant entred <persName type="character"
               >Kawasha</persName>, at the other <name type="object" subtype="set">little
               gate</name>, riding vpon a <name type="object">Kowle-staffe</name>, couered with a
               <name type="object" subtype="costume">foote-cloth of pide stuffe</name>, borne vpon
               <persName type="character" subtype="background">two Indians</persName> shoulders
               <name type="object" subtype="costume">attired like Floridans</name>.</stage>

         <ab><persName type="character">Silenus</persName> an old fat man, <name type="object"
               subtype="costume">attired in a crimson Sattin Doublet, without wings, collar, or
               skirts, a great panch, so as his Dublet, though drawne with a lace, would not meete
               together by a handfull, sleeues of cloth of Golde, bases and gamashaes of the same, a
               red swolne face, with a bunched nose, grey beard, bald head, pricke eares, and little
               hornes</name>.</ab>

         <p><persName type="character">Kawasha</persName> had on his head a <name type="object"
               subtype="costume">Night-cap of red cloth of gold, close to his skull, tied vnder his
               chin, two holes cut in the toppe, out of which his eares appeared, hung with two
               great Pendants, on the crowne of his Cappe a Chimney, a glasse chaine about his
               necke, his body and legges of Oliue- colour stuffe, made close like the skinne, bases
               of Tobaceo-colour<note type="foot">
                  <hi rend="italic">for</hi> Tobacco-colour</note> stuffe cut like Tobacco leaues,
               sprinkled with orcedure</name>, in his hand an <name type="object" subtype="prop"
               >Indian Bow and Arrowes</name>.</p>



         <list>
            <item>Before either of these went a <persName type="character" subtype="background">Sergeant</persName>.</item>
            <item>The <persName type="character" subtype="background">Sergeant of Silenus</persName> carried a copper Mace,
            and a bunch of Grapes carued at the vpper end.</item>
            <item>The <persName type="character" subtype="background">Sergeant of Kawasha</persName> carried on his
            shoulder a great Tobacco Pipe, as bigge as a Caliuer.</item>
            <item>Before <persName type="character">Silenus</persName> marched <persName type="character" subtype="background">foure
            singers, and behind him fiue fidlers</persName>: Before and behinde <persName type="character">Kawasha</persName> as | many of each
            kinde.</item>
            <item>The <persName type="character" subtype="background">Singers on Silenus part were a Miller, a Wine Cooper, a Vintners boy, a
            Brewer</persName>.</item>
            <item>His musicke, a <persName type="musicians" subtype="background">Taber and a Pipe, a base Violin, a trebble Violin a Sagbut, a
            Mandora</persName>.</item>
            <item><persName type="musicians" subtype="background">Kawashaes Singers, a Skipper, a Fencer, a Pedler, a Barber. His musicke, a
            Bobtaile, a blinde Harper, and his boy, a base Violin, a tenor-Cornet, a Sagbut</persName>.</item>
            <item>Vpon
            their entrance the Musicke on both sides played till they came to the middle of the
            Stage.</item>
            <item>Then <persName type="character" subtype="background">Silenus Singers</persName> beganne his Catch, and so marched forward towards the
            State.</item></list>
            <p> </p>


         <p>
            <title type="song">The Catch.</title></p>

         <sp>
            <speaker n="Silenus" rend="left"> Silenus.</speaker>
            <lg>
               <l>>Ahay, for and a hoe,</l>
               <l> Lets make this great Potan</l>
               <l> Drinke off <persName type="character">Silenus</persName> kan:</l>
               <l> And when that he well drunke is,</l>
               <l> Returne him to his Munkeis,</l>
               <l> From whence he came.</l>
            </lg>
         </sp>

         <stage type="delivery">Then <persName type="character">Kawashaes</persName> side
            answered.</stage>

         <sp>
            <speaker n="Kawasha" rend="left"> Kawasha.</speaker>
            <lg>
               <l>Ahay, for and a hoe,</l>
               <l> Wee’l make <persName type="character">Silen</persName> fall downe,</l>
               <l> And cast him in a sowne,</l>
               <l> To see my men of <placeName>Ire</placeName>,</l>
               <l> All snuffing, puffing smoke and fire,</l>
               <l> Like fell Dragon. |</l>
            </lg>
         </sp>

         <p><title type="song">The Freemans Song.</title></p>

         <sp>
            <speaker n="Silenus" rend="right"> Silenus.</speaker>
            <lg>
               <l><persName type="character">Kawasha</persName> comes in maiestie,</l>
               <l> Was neuer such a God as he,</l>
               <l> He is come from a farre Countrey,</l>
               <l> To make our Noses a chimney.</l>
               <l> Cho. <persName type="character">Silenus</persName>
                  <name type="object">Asse</name> doth leere to see</l>
               <l> His well appointed companie.</l>
            </lg>
         </sp>

            <stage type="delivery">The <persName type="character" subtype="background">Fidlers of Silenus</persName> frumpled ouer the last verses.</stage>

         <sp>
            <speaker n="Kawasha" rend="right"> Kawasha.</speaker>
            <lg>
               <l>The Wine takes the contrary way,</l>
               <l> To get into the hood:</l>
               <l> But good Tobacco makes no stay,</l>
               <l> But seizeth where it shood.</l>
               <l> More incense hath burne</l>
               <l> At great <persName type="character">Kawashaes</persName> foote,</l>
               <l> Then to <persName type="myth">Dilen</persName> and <persName type="myth"
                     >Bacchus</persName> both,</l>
               <l> And take in Ioue to boote.</l>
               <l> Therefore doe yeeld,</l>
               <l> Cho. And quit the field,</l>
               <l> Or else Ile smoake yee.</l>
            </lg>
         </sp>

            <stage type="delivery">These verses frumpled ouer by the <persName type="musicians" subtype="background">Musicke of Kawasha</persName>.</stage>

         <sp>
            <speaker n="Silenus" rend="right"> Silenus.</speaker>
            <lg>
               <l>The Worthies they were nine, ’tis true,</l>
               <l> And lately <persName>Arthurs Knights</persName> I knew,</l>
               <l> But now are come vp Worthies new,</l>
               <l> The <persName type="background">Roaring Boyes Kawashaes crew</persName>.</l>
               <l> | Cho. But if <name type="object">Silenus Asse</name> should bray,</l>
               <l> T’would make them roare and run away.</l>
            </lg>
         </sp>

         <lg>
            <l><persName type="character">Silenus</persName> tappes the <name type="object"
                  subtype="set">Barrell</name>, but</l>
            <l> Tobacco tappes the Braine,</l>
            <l> And makes the vapours fine and soote,</l>
            <l> That man reuiues againe.</l>
         </lg>
         <lg>
            <l>Nothing but fumigation</l>
            <l> Doth chase away ill spirits,</l>
            <l>
               <persName type="character">Kawasha</persName> and his Nation</l>
            <l> Found out these holy rites:</l>
            <l> Therefore doe yeeld,</l>
            <l> And quit the field,</l>
            <l> Or else Ile smoke yee.</l>
         </lg>

         <p>
            <stage type="delivery">This Song all ioyne and sing.</stage></p>
         <lg>
            <l>Ahay, for and a hoe,</l>
            <l> Tee Asse still lookes ascaunce a,</l>
            <l> But strife in Song,</l>
            <l> It is too long,</l>
            <l> Lets end it in a daunce a.</l>
         </lg>

         <p>
            <stage type="exit">After the Song ended, they marched all out in the same order they
               came in, their Musicke playing.</stage> |</p>
         <note type="foot">
            <hi rend="italic">start of sig C1</hi></note>
         <stage type="entrance">Then entred the <name type="play">Anticke-maske</name> of Daunce,
            consisting on <persName type="character">Silenus</persName> side of </stage>



         <!-- THIS NEEDS TO BE STRUCTURED - WE'LL WORK IT OUT TOGETHER, SO COMMENT IT OUT FOR NOW. 
            
            
Pantalon Curtezan. Fretelyne Bawde.
Swisse and his wife. Roaring Boy Citizen. a 􏰀 􏰁Kawashaes 􏰀
Usurer Midwife. of a Mountebancke Iewesse of Portugall.
Smugge and his wench. Chimney sweeper and his wench.-->

         <p>The Daunce ended, the lowd Musicke sounded. The <name type="object" subtype="set"
               >Trauers</name> being drawne, was seene a <name type="object" subtype="set">Garden of
               a glorious and strange beauty, cast into foure quarters, with a crosse walke and
               allies, compassing each quarter</name>. In the middle of the crosse walke, stood a
               <name type="object" subtype="set">goodly Fountaine raised on foure columnes of
               Siluer. On the toppes whereof stoode foure statues of siluer, which supported a bole,
               in circuite containing foure and twenty foote, and was raysed from the ground nine
               foote in height, in the middle whereof vppon scrowles of siluer and gold was placed a
               Globe garnished with foure golden Maske-heads, out of the which issued water into the
               bole, aboue stood a golden <persName type="myth">Neptune</persName>, in height three
               foote, holding in his hand a Trident, and riding on a Dolphin so cunningly framed,
               that a Riuer seemed to streame out of his mouth</name>. |</p>

         <p>The <name type="object" subtype="set">Garden walls were of bricke artificially painted
               in Perspectiue, all along which were placed fruite trees with artificiall leaues and
               fruite</name>.</p>

         <p>The <name type="object" subtype="set">Garden within the wall was rayled about with
               rayles of three foote high, adorned with Ballesters of Siluer, betweene which were
               placed pedestalls, beautified with transparent Lights of variable colours, vpon the
               Pedestalls stood siluer columnes, vpon the toppes whereof were personages of golde,
               Lions of gold, and Vnicornes of siluer, euery personage and beast did hold a torchet
               burning that gaue light and lustre to the whole fabrique</name>.</p>

         <p>Euery quarter of the Garden was finely hedged about with a lowe hedge of <persName
               type="myth">Cipresse</persName> and <persName type="myth">Iuniper</persName>: The
            knottes within set with artificiall greene hearbs, embelished with all sortes of
            artificiall Flowers. In the two first quarters were two Piramides garnished with golde
            and siluer, and glistering with transparent lights, resembling Carbuncles, Saphires, and
            Rubies. In euery corner of each Quarter were great pottes of Iilliflowers, which
            shadowed certaine lights placed behind them, and made a resplendent and admirable
            lustre.</p>

         <p>The two further quarters were beautified with Tulipaes of diuers colours, and in the
            Middle, and in the Corners of the said quarters were set great tufts of seuerall kindes
            of Flowers, receiuing lustre from secret lights placed behind them.</p>

         <p>At the farther end of the Garden was a Mount raised by degrees, resembling
            bankesofearth,coueredwithgrasse:onthetopoftheMountstoodagoodly Arbour substantially made
            and couered with artifi-|ciall trees, and with arbour flowers, as Eglantine,
            Honnysuckles, and the like.</p>

         <p>The Arbour was in length three and thirtie foote, in height one and twenty, supported
            with termes of gold and siluer, it was diuided into sixe double arches, and three doores
            answerable to the three walks of the Garden. In the middle part of the Arbor rose a
            goodly large Turret, and at either end a smaller.</p>

         <p>Vpon the toppe of the Mount, on the front thereof was a banke of Flowers, curiously
            painted, behind which within the Arches the <persName type="background"
               >Maskers</persName> sate vnseene.</p>

         <p>Behind the Garden ouer the toppe of the Arbour were set artificiall trees appearing like
            an Orchard ioyning to the Garden, and ouer all was drawne in perspectiue, a firmament
            like the Skies in a cleere night.</p>

         <p>Vpon a grassy seate vnder the Arbor sate the <persName type="background"
               >Garden-Gods</persName>, in number twelue, apparrelled in <name type="object"
               subtype="costume">long roabes of greene rich taffata, Cappes on their heads, and
               chaplets of Flowers</name>. </p>

         <p>In the midst of them sate <persName type="character">Primauera</persName>, at whose
            intreaty they descended to the Stage, and marching vp to the <persName>King</persName>,
            sung to <name type="object" subtype="instruments">Lutes and Theorboes</name>. |</p>


         <p>
            <stage type="entrance">The Song that induced the Charme.</stage></p>

         <p><title type="song">CANT. I.</title>
         </p>

         <lg>
            <l>GIue place you ancient powers,</l>
            <l> That turned men to Flowers,</l>
            <l> For neuer Writers pen,</l>
            <l> Yet tolde of Flowers return’d to Men:</l>
            <l> Cho. But miracles of new euent,</l>
            <l> Follow the great Sun of our firmament.</l>
         </lg>

         <p><title type="song">The Charme.</title>
         </p>

         <lg>
            <l>Hearken ye fresh and springing Flowers,</l>
            <l> The Sunne<note type="foot">
                  <hi rend="italic">second</hi> n<hi rend="italic"> is turned letter or foul case</hi></note> shines full
               vpon your earth,</l>
            <l> Disclose out of your shady bowers,</l>
            <l> He will not blast your tender birth:</l>
            <l> Discend you from your hill,</l>
            <l> Take spirit at his will,</l>
            <l> No Flowers, but flourish still.</l>
         </lg>

         <p>
            <stage type="mixed">The Charme ended, the <persName type="background">Gods</persName>
               retire to their places, the lowd Musicke againe sounded. The bankes of flowers softly
               descending and vanishing, the <persName type="background">Maskers</persName>, in
               number thirteene appeared, seated in their <name type="object" subtype="set"
                  >Arches</name>, apparrelled in <name type="object" subtype="costume">doublets and
                  round hose of white sattin, long white silke stockings, white sattin pumpes. The
                  doublet richly imbrodered in curious panes with imbossed flowers of siluer, the
                  panes bordered with imbrodery of carnation silke and siluer. The hose cut in panes
                  answerable to the embroderie |<note type="foot">
                     <hi rend="italic">start of sig C3</hi></note> of the doublets. The skirtes of
                  the doublets embrodered and cut into Lillies flowers, and the wings set forth with
                  flowers of seuerall colours, made in silke, and frosted with siluer, ruffe bands,
                  edged with a lace of carnation silke &amp; siluer, spangled very thicke, and
                  stucke full of flowers of seuerall kindes, faire vizards and tresses, delicate
                  Cappes of silke and siluer flowers of sundry kindes, with plumes of the same, in
                  the toppe whereof stucke a great bunch of Egrets</name>. Euery <persName
                  type="character">Maskers</persName>
               <name type="object" subtype="costume">pump fastned with a flower sutable to his
                  cappe; on their left armes a white skarfe fairely embrodered sent them by the
                  Bride, and on their hands a rich paire of embrodered gloues, sent them by the
                  Bridegroome</name>.</stage></p>


         <p>The lowd Musicke ceasing, the <persName type="character">Maskers</persName> descend in a
            gallant March through <name type="object" subtype="set">three seuerall doores of the
               Arbor to the three seueral Allies of the Garden, marching till they all met in the
               middle Allie vnder the Fountaine</name>, and from thence to the Stage, where they fel
            into their first measure. </p>

         <p><stage type="mixed">That ended, the Preists descend<note type="foot">
                  <hi rend="italic">for</hi>descend</note> againe, and sung the second
            Song.</stage></p>

         <p> Song referring to the Deuice of the Transforming.</p>

         <p><title type="song">CANT. 2.</title>
         </p>

         <lg>
            <l>THrice happy Flowers,</l>
            <l> Your leaues are turn’d into fine haire,</l>
            <l> Your stalkes to bodies streight and faire,</l>
            <l> Your sprigges to limmes, as once they were,</l>
            <l> Your verdure to fresh bloud, your smell |</l>
            <l> To breath, your bloomes your seedy Cell,</l>
            <l> All haue a louely paralell.</l>
            <l> Cho. The <persName type="myth">Nimphs</persName> that on their heads did weare
               you,</l>
            <l> Henceforth in their hearts will beare you.</l>
         </lg>

         <p><stage type="delivery"> That done, they daunce their second measure, after which
               followes the third Song, referring to the Ladies.</stage></p>

         <p><title type="song">CANT. 3.</title>
         </p>

         <lg>
            <l>OF creatures are the flowers (faire Ladies)</l>
            <l> The prettiest, if we shall speake true,</l>
            <l> The Earths Coronet, the Sunnes Babies,</l>
            <l> Enamild cuppes of Heauens sweet dew,</l>
            <l> Your fairer hands haue often blest them,</l>
            <l> When your Needles haue exprest them.</l>
            <l> Ch. Therfore though their shapes be changed, Let not your fauours be estranged.</l>
         </lg>

         <p>
            <stage type="delivery">This ended, they tooke their Ladies, with whom they daunced
               Measures, Corantoes, Durettoes, Moriscoes, Galliards. Then was sung the fourth Song,
               hauing reference to the <persName>King</persName>.</stage></p>

         <p><title type="song">CANT. 4.</title></p>

         <lg>
            <l>ALl things returne with Time,</l>
            <l> But seldom do they higher clime</l>
            <l> Yet vertue soueraigne</l>
            <l> Mends al things, as they come again;</l>
            <l> This <placeName>Ile was Brittaine</placeName> in times past,</l>
            <l> But then was <placeName>Britiain</placeName><note type="foot">
                  <hi rend="italic">for</hi>
                  <placeName>Brittain</placeName></note> rude &amp; waste, |</l>
            <l> But now is Brittaine fit to be,</l>
            <l> A seate for a fift Monarchie.</l>

            <l>Offer we to his high deserts,</l>
            <l> Cho. Praises of truth, incense of hearts,</l>
            <l> By whom ech thing with gaine reuerts.</l>
         </lg>


         <p><stage type="mixed">Then they daunced their parting Measure, at the end whereof followed
               this last Song, hauing reference to the married couple.</stage></p>

         <lg>
            <l>Louely couple, Seasons two,</l>
            <l> Haue perform’d what they can doe,</l>
            <l> If the Gods inspire our Song,</l>
            <l> The other two will not stay long,</l>
            <l> Receiue our Flowers with gracious hand,</l>
            <l> As a small wreathe to your <note type="foot"> u <hi rend="italic">is turned letter
                     or foul case</hi></note> Garland.</l>
            <l> Flowers of honour, Flowers of beautie,</l>
            <l> Are your owne, we onely bring</l>
            <l> Flowers of affection, Flowers of duetie.</l>
         </lg>

         <p>The <name type="play">Maske</name> ended, it pleased his <persName>Maiestie</persName>
            to call for the <name type="play">Anticke-Maske</name> of Song and Daunce. which was
            againe presented; and then the <persName type="background">Maskers</persName> vncouered
            their faces, and came vp to the State, and kissed the <persName>King</persName>, and
               <persName>Queene</persName>, and <persName>Princes</persName> hand, with a great
            deale of grace and fauour, and so were inuited to the <name type="event"
            >Banquet</name>.</p>





         </div>
      </body>
   </text>
</TEI>
